name,date,total_qs,weightage,true,false,marks,percent,result,result_anuja_font
જયેશકુમાર ઘુઘાભાઇ ભૂંડીયા,25-Feb-2014,20,1,16,4,16,80,done,m
સંજયભાઇ હમીરભાઇ છલુરા,25-Feb-2014,20,1,13,7,13,65,need,m
અજયભાઇ નાનુંભાઇ લાંબરિયા,25-Feb-2014,20,1,17,3,17,85,done,m
ઝીણીબેન મોતીભાઇ લાંબરિયા,25-Feb-2014,20,1,12,8,12,60,need,m
મહેન્દ્રભાઇ વાલજીભાઇ મારૂ,25-Feb-2014,20,1,12,8,12,60,need,m
અજીતભાઇ પરસોતમભાઇ છલુરા,25-Feb-2014,20,1,16,4,16,80,done,m
મહેન્દ્રભાઇ વાલજીભાઇ મારૂ,25-Feb-2014,20,1,14,6,14,70,need,m
સત્યપાલસિંહ ઘનશ્યામસિંહ રાણા,26-Feb-2014,20,1,18,2,18,90,done,m
સત્યપાલસિંહ ઘનશ્યામસિંહ રાણા,04-Mar-2014,20,1,19,1,19,95,done,m
ખમ્માબેન દિપકભાઇ છલુરા,21-Mar-2014,20,1,19,1,19,95,done,m
સંજયભાઇ હમીરભાઇ છલુરા,21-Mar-2014,20,1,11,9,11,55,need,m
અજયભાઇ નાનુંભાઇ લાંબરિયા,21-Mar-2014,20,1,14,6,14,70,need,m
અશ્વિનભાઇ ભરતભાઇ છલુરા,21-Mar-2014,20,1,16,4,16,80,done,m
અજયભાઇ નાનુંભાઇ લાંબરિયા,21-Mar-2014,20,1,17,3,17,85,done,m
ઝીણીબેન મોતીભાઇ લાંબરિયા,21-Mar-2014,20,1,19,1,19,95,done,m
રૂપાબેન રાજાભાઇ લાંબરિયા,21-Mar-2014,20,1,16,4,16,80,done,m
મહેન્દ્રભાઇ વાલજીભાઇ મારૂ,26-Mar-2014,20,1,11,9,11,55,need,m
સંજયભાઇ હમીરભાઇ છલુરા,26-Mar-2014,20,1,18,2,18,90,done,m
હરપાલભાઇ રાણાભાઇ છલુરા,26-Mar-2014,20,1,15,5,15,75,done,m
વિશાલભાઇ રમેશભાઇ છલુરા,26-Mar-2014,20,1,10,10,10,50,need,m
મહેન્દ્રભાઇ વાલજીભાઇ મારૂ,28-Mar-2014,20,1,13,7,13,65,need,m
મમતાબેન સુભાષભાઇ ભોજૈયા,29-Mar-2014,20,1,18,2,18,90,done,m
વિશાલભાઇ રમેશભાઇ છલુરા,29-Mar-2014,20,1,15,5,15,75,done,m
રોહિતભાઇ રમેશભાઇ છલુરા,29-Mar-2014,20,1,6,14,6,30,fail,2
અજીતભાઇ પરસોતમભાઇ છલુરા,29-Mar-2014,20,1,15,5,15,75,done,m
સંજયભાઇ ગંભીરભાઇ છલુરા,29-Mar-2014,20,1,17,3,17,85,done,m
સત્યપાલસિંહ ઘનશ્યામસિંહ રાણા,29-Mar-2014,20,1,19,1,19,95,done,m
જયેશકુમાર ઘુઘાભાઇ ભૂંડીયા,29-Mar-2014,20,1,18,2,18,90,done,m
