name,date,total_qs,weightage,true,false,marks,percent,result,result_anuja_font
સંજયભાઇ હમીરભાઇ છલુરા,21-Mar-2014,20,1,10,10,10,50,need,m
અજયભાઇ નાનુંભાઇ લાંબરિયા,26-Mar-2014,20,1,10,10,10,50,need,m
અજયભાઇ નાનુંભાઇ લાંબરિયા,26-Mar-2014,20,1,9,11,9,45,fail,2
જયેશકુમાર ઘુઘાભાઇ ભૂંડીયા,26-Mar-2014,20,1,15,5,15,75,done,m
અજયભાઇ નાનુંભાઇ લાંબરિયા,28-Mar-2014,20,1,7,13,7,35,fail,2
સંજયભાઇ હમીરભાઇ છલુરા,28-Mar-2014,20,1,8,12,8,40,fail,2
સત્યપાલસિંહ ઘનશ્યામસિંહ રાણા,28-Mar-2014,20,1,10,10,10,50,need,m
સત્યપાલસિંહ ઘનશ્યામસિંહ રાણા,28-Mar-2014,20,1,16,4,16,80,done,m
હરપાલભાઇ રાણાભાઇ છલુરા,28-Mar-2014,20,1,8,12,8,40,fail,2
હરપાલભાઇ રાણાભાઇ છલુરા,28-Mar-2014,20,1,6,14,6,30,fail,2
હરપાલભાઇ રાણાભાઇ છલુરા,28-Mar-2014,20,1,6,14,6,30,fail,2
રૂપાબેન રાજાભાઇ લાંબરિયા,28-Mar-2014,20,1,15,5,15,75,done,m
ઝીણીબેન મોતીભાઇ લાંબરિયા,28-Mar-2014,20,1,13,7,13,65,need,m
ખમ્માબેન દિપકભાઇ છલુરા,28-Mar-2014,20,1,11,9,11,55,need,m
ઝીણીબેન મોતીભાઇ લાંબરિયા,28-Mar-2014,20,1,14,6,14,70,need,m
ખમ્માબેન દિપકભાઇ છલુરા,28-Mar-2014,20,1,15,5,15,75,done,m
મહેન્દ્રભાઇ વાલજીભાઇ મારૂ,28-Mar-2014,20,1,12,8,12,60,need,m
વિશાલભાઇ રમેશભાઇ છલુરા,29-Mar-2014,20,1,9,11,9,45,fail,2
વિશાલભાઇ રમેશભાઇ છલુરા,29-Mar-2014,20,1,14,6,14,70,need,m
વિશાલભાઇ રમેશભાઇ છલુરા,29-Mar-2014,20,1,12,8,12,60,need,m
અજીતભાઇ પરસોતમભાઇ છલુરા,29-Mar-2014,20,1,7,13,7,35,fail,2
અજીતભાઇ પરસોતમભાઇ છલુરા,29-Mar-2014,20,1,7,13,7,35,fail,2
અજીતભાઇ પરસોતમભાઇ છલુરા,29-Mar-2014,20,1,6,14,6,30,fail,2
