name,date,total_qs,weightage,true,false,marks,percent,result,result_anuja_font
મહેન્દ્રભાઇ વાલજીભાઇ મારૂ,29-Mar-2014,20,1,15,5,15,75,done,m
સત્યપાલસિંહ ઘનશ્યામસિંહ રાણા,29-Mar-2014,20,1,16,4,16,80,done,m
અજયભાઇ નાનુંભાઇ લાંબરિયા,29-Mar-2014,20,1,17,3,17,85,done,m
જયેશકુમાર ઘુઘાભાઇ ભૂંડીયા,29-Mar-2014,20,1,15,5,15,75,done,m
વિશાલભાઇ રમેશભાઇ છલુરા,29-Mar-2014,20,1,14,6,14,70,need,m
હરપાલભાઇ રાણાભાઇ છલુરા,29-Mar-2014,20,1,11,9,11,55,need,m
વિશાલભાઇ રમેશભાઇ છલુરા,29-Mar-2014,20,1,12,8,12,60,need,m
હરપાલભાઇ રાણાભાઇ છલુરા,29-Mar-2014,20,1,10,10,10,50,need,m
હરપાલભાઇ રાણાભાઇ છલુરા,29-Mar-2014,20,1,8,12,8,40,fail,2
