name,date,total_qs,weightage,true,false,marks,percent,result,result_anuja_font
મેહુલભાઇ જીણાભાઇ છલુરા,21-Mar-2014,20,1,9,11,9,45,fail,2
મેહુલભાઇ જીણાભાઇ છલુરા,26-Mar-2014,20,1,9,11,9,45,fail,2
મેહુલભાઇ જીણાભાઇ છલુરા,26-Mar-2014,20,1,11,9,11,55,need,m
જયદેવભાઇ ધીરૂભાઇ ગોઢાણિયા,27-Mar-2014,20,1,11,9,11,55,need,m
જયદેવભાઇ ધીરૂભાઇ ગોઢાણિયા,27-Mar-2014,20,1,10,10,10,50,need,m
મેહુલભાઇ જીણાભાઇ છલુરા,27-Mar-2014,20,1,8,12,8,40,fail,2
જયદેવભાઇ ધીરૂભાઇ ગોઢાણિયા,27-Mar-2014,20,1,15,5,15,75,done,m
રૂપાબેન મોતીભાઇ લાંબરિયા,28-Mar-2014,20,1,16,4,16,80,done,m
