name,date,total_qs,weightage,true,false,marks,percent,result,result_anuja_font
મેહુલભાઇ જીણાભાઇ છલુરા,28-Mar-2014,20,1,18,2,18,90,done,m
સંજયભાઇ નાનુભાઇ લાંબરિયા,28-Mar-2014,20,1,15,5,15,75,done,m
દિનેશભાઇ ઘુઘાભાઇ ભુંડીયા,28-Mar-2014,20,1,14,6,14,70,need,m
દિનેશભાઇ ઘુઘાભાઇ ભુંડીયા,28-Mar-2014,20,1,17,3,17,85,done,m
જયદેવભાઇ ધીરૂભાઇ ગોઢાણિયા,28-Mar-2014,20,1,13,7,13,65,need,m
જયદેવભાઇ ધીરૂભાઇ ગોઢાણિયા,28-Mar-2014,20,1,13,7,13,65,need,m
જયદેવભાઇ ધીરૂભાઇ ગોઢાણિયા,28-Mar-2014,20,1,16,4,16,80,done,m
