name,date,total_qs,weightage,true,false,marks,percent,result,result_anuja_font
મેહુલભાઇ જીણાભાઇ છલુરા,28-Mar-2014,20,1,17,3,17,85,done,m
હરેશભાઇ શીવાભાઇ છલુરા,28-Mar-2014,20,1,6,14,6,30,fail,2
દિનેશભાઇ ઘુઘાભાઇ ભુંડીયા,28-Mar-2014,20,1,16,4,16,80,done,m
સંજયભાઇ નાનુભાઇ લાંબરિયા,28-Mar-2014,20,1,15,5,15,75,done,m
જયદેવભાઇ ધીરૂભાઇ ગોઢાણિયા,28-Mar-2014,20,1,16,4,16,80,done,m
રૂપાબેન મોતીભાઇ લાંબરિયા,02-Apr-2014,20,1,15,5,15,75,done,m
