name,date,total_qs,weightage,true,false,marks,percent,result,result_anuja_font
મેહુલભાઇ જીણાભાઇ છલુરા,26-Mar-2014,20,1,13,7,13,65,need,m
મેહુલભાઇ જીણાભાઇ છલુરા,26-Mar-2014,20,1,12,8,12,60,need,m
મેહુલભાઇ જીણાભાઇ છલુરા,26-Mar-2014,20,1,14,6,14,70,need,m
સોનલબેન રાજાભાઇ લાંબરિયા,27-Mar-2014,20,1,8,12,8,40,fail,2
પિયનબેન ગંગારામભાઇ છલુરા,27-Mar-2014,20,1,9,11,9,45,fail,2
જયદેવભાઇ ધીરૂભાઇ ગોઢાણિયા,28-Mar-2014,20,1,16,4,16,80,done,m
રૂપાબેન મોતીભાઇ લાંબરિયા,28-Mar-2014,20,1,16,4,16,80,done,m
દિનેશભાઇ ઘુઘાભાઇ ભુંડીયા,29-Mar-2014,20,1,14,6,14,70,need,m
