name,date,total_qs,weightage,true,false,marks,percent,result,result_anuja_font
મેહુલભાઇ જીણાભાઇ છલુરા,28-Mar-2014,18,1,15,3,15,83.333333333333,done,m
સંજયભાઇ નાનુભાઇ લાંબરિયા,28-Mar-2014,18,1,11,7,11,61.111111111111,need,m
દિનેશભાઇ ઘુઘાભાઇ ભુંડીયા,28-Mar-2014,18,1,13,5,13,72.222222222222,need,m
દિનેશભાઇ ઘુઘાભાઇ ભુંડીયા,28-Mar-2014,18,1,15,3,15,83.333333333333,done,m
જયદેવભાઇ ધીરૂભાઇ ગોઢાણિયા,28-Mar-2014,18,1,12,6,12,66.666666666667,need,m
જયદેવભાઇ ધીરૂભાઇ ગોઢાણિયા,28-Mar-2014,18,1,15,3,15,83.333333333333,done,m
સંજયભાઇ નાનુભાઇ લાંબરિયા,29-Mar-2014,18,1,14,4,14,77.777777777778,done,m
