name,date,total_qs,weightage,true,false,marks,percent,result,result_anuja_font
દિનેશભાઇ ઘુઘાભાઇ ભુંડીયા,28-Mar-2014,19,1,13,6,13,68.421052631579,need,m
દિનેશભાઇ ઘુઘાભાઇ ભુંડીયા,28-Mar-2014,19,1,14,5,14,73.684210526316,need,m
મેહુલભાઇ જીણાભાઇ છલુરા,28-Mar-2014,19,1,17,2,17,89.473684210526,done,m
દિનેશભાઇ ઘુઘાભાઇ ભુંડીયા,28-Mar-2014,19,1,15,4,15,78.947368421053,done,m
જયદેવભાઇ ધીરૂભાઇ ગોઢાણિયા,28-Mar-2014,19,1,11,8,11,57.894736842105,need,m
જયદેવભાઇ ધીરૂભાઇ ગોઢાણિયા,29-Mar-2014,19,1,13,6,13,68.421052631579,need,m
જયદેવભાઇ ધીરૂભાઇ ગોઢાણિયા,29-Mar-2014,19,1,16,3,16,84.210526315789,done,m
સંજયભાઇ નાનુભાઇ લાંબરિયા,29-Mar-2014,19,1,17,2,17,89.473684210526,done,m
