name,date,total_qs,weightage,true,false,marks,percent,result,result_anuja_font
દિનેશભાઇ ઘુઘાભાઇ ભુંડીયા,27-Mar-2014,20,1,12,8,12,60,need,m
મેહુલભાઇ જીણાભાઇ છલુરા,27-Mar-2014,20,1,10,10,10,50,need,m
મેહુલભાઇ જીણાભાઇ છલુરા,27-Mar-2014,20,1,16,4,16,80,done,m
દિનેશભાઇ ઘુઘાભાઇ ભુંડીયા,28-Mar-2014,20,1,11,9,11,55,need,m
સંજયભાઇ નાનુભાઇ લાંબરિયા,28-Mar-2014,20,1,13,7,13,65,need,m
સંજયભાઇ નાનુભાઇ લાંબરિયા,28-Mar-2014,20,1,15,5,15,75,done,m
દિનેશભાઇ ઘુઘાભાઇ ભુંડીયા,28-Mar-2014,20,1,16,4,16,80,done,m
જયદેવભાઇ ધીરૂભાઇ ગોઢાણિયા,28-Mar-2014,20,1,17,3,17,85,done,m
રૂપાબેન મોતીભાઇ લાંબરિયા,02-Apr-2014,20,1,16,4,16,80,done,m
