name,date,total_qs,weightage,true,false,marks,percent,result,result_anuja_font
મેહુલભાઇ જીણાભાઇ છલુરા,26-Mar-2014,20,1,13,7,13,65,need,m
મેહુલભાઇ જીણાભાઇ છલુરા,26-Mar-2014,20,1,15,5,15,75,done,m
જયદેવભાઇ ધીરૂભાઇ ગોઢાણિયા,28-Mar-2014,20,1,12,8,12,60,need,m
જયદેવભાઇ ધીરૂભાઇ ગોઢાણિયા,28-Mar-2014,20,1,15,5,15,75,done,m
રૂપાબેન મોતીભાઇ લાંબરિયા,28-Mar-2014,20,1,11,9,11,55,need,m
રૂપાબેન મોતીભાઇ લાંબરિયા,28-Mar-2014,20,1,15,5,15,75,done,m
