name,date,total_qs,weightage,true,false,marks,percent,result,result_anuja_font
માનસીબા ભગીરથસિંહ રાણા,25-Mar-2014,20,1,13,7,13,65,need,m
માનસીબા ભગીરથસિંહ રાણા,25-Mar-2014,20,1,15,5,15,75,done,m
ભુમીકાબેન મનસુખભાઇ ચાવડા,26-Mar-2014,20,1,13,7,13,65,need,m
ભુમીકાબેન મનસુખભાઇ ચાવડા,26-Mar-2014,20,1,16,4,16,80,done,m
વનીતાબેન ભુપતભાઇ સાતોલા,27-Mar-2014,20,1,12,8,12,60,need,m
ચેતનાબેન દિપકભાઇ છલુરા,27-Mar-2014,20,1,12,8,12,60,need,m
ચેતનાબેન દિપકભાઇ છલુરા,27-Mar-2014,20,1,14,6,14,70,need,m
વનીતાબેન ભુપતભાઇ સાતોલા,27-Mar-2014,20,1,15,5,15,75,done,m
