name,date,total_qs,weightage,true,false,marks,percent,result,result_anuja_font
મેહુલ મેરૂભાઇ ગોઢાણિયા,25-Feb-2014,20,1,9,11,9,45,fail,2
માનસીબા ભગીરથસિંહ રાણા,20-Mar-2014,20,1,17,3,17,85,done,m
ચેતનાબેન દિપકભાઇ છલુરા,27-Mar-2014,20,1,17,3,17,85,done,m
વનીતાબેન ભુપતભાઇ સાતોલા,27-Mar-2014,20,1,16,4,16,80,done,m
હરેશભાઇ હસમુખભાઇ છલુરા,28-Mar-2014,20,1,10,10,10,50,need,m
