name,date,total_qs,weightage,true,false,marks,percent,result,result_anuja_font
માનસીબા ભગીરથસિંહ રાણા,20-Mar-2014,18,1,13,5,13,72.222222222222,need,m
અજય દેવાભાઇ લાંબરિયા,20-Mar-2014,18,1,13,5,13,72.222222222222,need,m
હરેશભાઇ હસમુખભાઇ છલુરા,20-Mar-2014,18,1,12,6,12,66.666666666667,need,m
ભુમીકાબેન મનસુખભાઇ ચાવડા,21-Mar-2014,18,1,16,2,16,88.888888888889,done,m
વનીતાબેન ભુપતભાઇ સાતોલા,27-Mar-2014,18,1,14,4,14,77.777777777778,done,m
ચેતનાબેન દિપકભાઇ છલુરા,27-Mar-2014,18,1,8,10,8,44.444444444444,fail,2
ચેતનાબેન દિપકભાઇ છલુરા,27-Mar-2014,18,1,16,2,16,88.888888888889,done,m
અનસોયાબેન ખીમગીરી ગૌસ્વામી,29-Mar-2014,18,1,16,2,16,88.888888888889,done,m
